{
	"info": {
		"_postman_id": "b654bfff-cf69-4c6d-8073-c48c9a04e7a0",
		"name": "Appointy",
		"schema": "https://schema.getpostman.com/json/collection/v2.1.0/collection.json"
	},
	"item": [
		{
			"name": "Search",
			"request": {
				"method": "GET",
				"header": [],
				"url": {
					"raw": "localhost:3000/articles/search?q=some",
					"host": [
						"localhost"
					],
					"port": "3000",
					"path": [
						"articles",
						"search"
					],
					"query": [
						{
							"key": "q",
							"value": "some"
						}
					]
				}
			},
			"response": []
		},
		{
			"name": "Article by ID",
			"request": {
				"method": "GET",
				"header": [],
				"url": {
					"raw": "localhost:3000/articles/:articleID",
					"host": [
						"localhost"
					],
					"port": "3000",
					"path": [
						"articles",
						":articleID"
					],
					"variable": [
						{
							"key": "articleID",
							"value": "5fa8ca3704b74422061f8aa6"
						}
					]
				}
			},
			"response": [
				{
					"name": "Article by ID",
					"originalRequest": {
						"method": "GET",
						"header": [],
						"url": {
							"raw": "localhost:3000/articles/:articleID",
							"host": [
								"localhost"
							],
							"port": "3000",
							"path": [
								"articles",
								":articleID"
							],
							"variable": [
								{
									"key": "articleID",
									"value": "5fa8ca3704b74422061f8aa6"
								}
							]
						}
					},
					"status": "OK",
					"code": 200,
					"_postman_previewlanguage": "json",
					"header": [
						{
							"key": "Content-Security-Policy",
							"value": "default-src 'self';base-uri 'self';block-all-mixed-content;font-src 'self' https: data:;frame-ancestors 'self';img-src 'self' data:;object-src 'none';script-src 'self';script-src-attr 'none';style-src 'self' https: 'unsafe-inline';upgrade-insecure-requests"
						},
						{
							"key": "X-DNS-Prefetch-Control",
							"value": "off"
						},
						{
							"key": "Expect-CT",
							"value": "max-age=0"
						},
						{
							"key": "X-Frame-Options",
							"value": "SAMEORIGIN"
						},
						{
							"key": "Strict-Transport-Security",
							"value": "max-age=15552000; includeSubDomains"
						},
						{
							"key": "X-Download-Options",
							"value": "noopen"
						},
						{
							"key": "X-Content-Type-Options",
							"value": "nosniff"
						},
						{
							"key": "X-Permitted-Cross-Domain-Policies",
							"value": "none"
						},
						{
							"key": "Referrer-Policy",
							"value": "no-referrer"
						},
						{
							"key": "X-XSS-Protection",
							"value": "0"
						},
						{
							"key": "Content-Type",
							"value": "application/json; charset=utf-8"
						},
						{
							"key": "Content-Length",
							"value": "205"
						},
						{
							"key": "Date",
							"value": "Mon, 09 Nov 2020 04:49:50 GMT"
						},
						{
							"key": "Connection",
							"value": "keep-alive"
						}
					],
					"cookie": [],
					"body": "{\n    \"data\": {\n        \"title\": \"SOME TITLE2\",\n        \"subtitle\": \"SOME SUBTITLE2\",\n        \"content\": \"SOME CONTENT2\",\n        \"_id\": \"5fa8ca3704b74422061f8aa6\",\n        \"createdAt\": \"2020-11-09T04:48:55.225Z\",\n        \"updatedAt\": \"2020-11-09T04:48:55.225Z\",\n        \"__v\": 0\n    }\n}"
				}
			]
		},
		{
			"name": "Save Article",
			"request": {
				"method": "POST",
				"header": [],
				"body": {
					"mode": "urlencoded",
					"urlencoded": [
						{
							"key": "title",
							"value": "some title2",
							"type": "text"
						},
						{
							"key": "subtitle",
							"value": "some subtitle2",
							"type": "text"
						},
						{
							"key": "content",
							"value": "some content2",
							"type": "text"
						}
					]
				},
				"url": {
					"raw": "localhost:3000/articles",
					"host": [
						"localhost"
					],
					"port": "3000",
					"path": [
						"articles"
					]
				}
			},
			"response": [
				{
					"name": "Save Article",
					"originalRequest": {
						"method": "POST",
						"header": [],
						"body": {
							"mode": "urlencoded",
							"urlencoded": [
								{
									"key": "title",
									"value": "some title",
									"type": "text"
								},
								{
									"key": "subtitle",
									"value": "some subtitle",
									"type": "text"
								},
								{
									"key": "content",
									"value": "some content",
									"type": "text"
								}
							]
						},
						"url": {
							"raw": "localhost:3000/articles",
							"host": [
								"localhost"
							],
							"port": "3000",
							"path": [
								"articles"
							]
						}
					},
					"status": "OK",
					"code": 200,
					"_postman_previewlanguage": "json",
					"header": [
						{
							"key": "Content-Security-Policy",
							"value": "default-src 'self';base-uri 'self';block-all-mixed-content;font-src 'self' https: data:;frame-ancestors 'self';img-src 'self' data:;object-src 'none';script-src 'self';script-src-attr 'none';style-src 'self' https: 'unsafe-inline';upgrade-insecure-requests"
						},
						{
							"key": "X-DNS-Prefetch-Control",
							"value": "off"
						},
						{
							"key": "Expect-CT",
							"value": "max-age=0"
						},
						{
							"key": "X-Frame-Options",
							"value": "SAMEORIGIN"
						},
						{
							"key": "Strict-Transport-Security",
							"value": "max-age=15552000; includeSubDomains"
						},
						{
							"key": "X-Download-Options",
							"value": "noopen"
						},
						{
							"key": "X-Content-Type-Options",
							"value": "nosniff"
						},
						{
							"key": "X-Permitted-Cross-Domain-Policies",
							"value": "none"
						},
						{
							"key": "Referrer-Policy",
							"value": "no-referrer"
						},
						{
							"key": "X-XSS-Protection",
							"value": "0"
						},
						{
							"key": "Content-Type",
							"value": "application/json; charset=utf-8"
						},
						{
							"key": "Content-Length",
							"value": "237"
						},
						{
							"key": "Date",
							"value": "Mon, 09 Nov 2020 04:48:30 GMT"
						},
						{
							"key": "Connection",
							"value": "keep-alive"
						}
					],
					"cookie": [],
					"body": "{\n    \"msg\": \"ARTICLE SAVED SUCCESSFULLY\",\n    \"data\": {\n        \"title\": \"SOME TITLE\",\n        \"subtitle\": \"SOME SUBTITLE\",\n        \"content\": \"SOME CONTENT\",\n        \"_id\": \"5fa8ca1d04b74422061f8aa5\",\n        \"createdAt\": \"2020-11-09T04:48:29.886Z\",\n        \"updatedAt\": \"2020-11-09T04:48:29.886Z\",\n        \"__v\": 0\n    }\n}"
				}
			]
		},
		{
			"name": "List of Article",
			"request": {
				"method": "GET",
				"header": [],
				"url": {
					"raw": "localhost:3000/articles?recordToSkip=0&limit=5",
					"host": [
						"localhost"
					],
					"port": "3000",
					"path": [
						"articles"
					],
					"query": [
						{
							"key": "recordToSkip",
							"value": "0"
						},
						{
							"key": "limit",
							"value": "5"
						}
					]
				}
			},
			"response": [
				{
					"name": "List of Article",
					"originalRequest": {
						"method": "GET",
						"header": [],
						"url": {
							"raw": "localhost:3000/articles?recordToSkip=0",
							"host": [
								"localhost"
							],
							"port": "3000",
							"path": [
								"articles"
							],
							"query": [
								{
									"key": "recordToSkip",
									"value": "0"
								}
							]
						}
					},
					"status": "OK",
					"code": 200,
					"_postman_previewlanguage": "json",
					"header": [
						{
							"key": "Content-Security-Policy",
							"value": "default-src 'self';base-uri 'self';block-all-mixed-content;font-src 'self' https: data:;frame-ancestors 'self';img-src 'self' data:;object-src 'none';script-src 'self';script-src-attr 'none';style-src 'self' https: 'unsafe-inline';upgrade-insecure-requests"
						},
						{
							"key": "X-DNS-Prefetch-Control",
							"value": "off"
						},
						{
							"key": "Expect-CT",
							"value": "max-age=0"
						},
						{
							"key": "X-Frame-Options",
							"value": "SAMEORIGIN"
						},
						{
							"key": "Strict-Transport-Security",
							"value": "max-age=15552000; includeSubDomains"
						},
						{
							"key": "X-Download-Options",
							"value": "noopen"
						},
						{
							"key": "X-Content-Type-Options",
							"value": "nosniff"
						},
						{
							"key": "X-Permitted-Cross-Domain-Policies",
							"value": "none"
						},
						{
							"key": "Referrer-Policy",
							"value": "no-referrer"
						},
						{
							"key": "X-XSS-Protection",
							"value": "0"
						},
						{
							"key": "Content-Type",
							"value": "application/json; charset=utf-8"
						},
						{
							"key": "Content-Length",
							"value": "401"
						},
						{
							"key": "Date",
							"value": "Mon, 09 Nov 2020 04:53:36 GMT"
						},
						{
							"key": "Connection",
							"value": "keep-alive"
						}
					],
					"cookie": [],
					"body": "{\n    \"data\": [\n        {\n            \"title\": \"SOME TITLE\",\n            \"subtitle\": \"SOME SUBTITLE\",\n            \"content\": \"SOME CONTENT\",\n            \"_id\": \"5fa8ca1d04b74422061f8aa5\",\n            \"createdAt\": \"2020-11-09T04:48:29.886Z\",\n            \"updatedAt\": \"2020-11-09T04:48:29.886Z\",\n            \"__v\": 0\n        },\n        {\n            \"title\": \"SOME TITLE2\",\n            \"subtitle\": \"SOME SUBTITLE2\",\n            \"content\": \"SOME CONTENT2\",\n            \"_id\": \"5fa8ca3704b74422061f8aa6\",\n            \"createdAt\": \"2020-11-09T04:48:55.225Z\",\n            \"updatedAt\": \"2020-11-09T04:48:55.225Z\",\n            \"__v\": 0\n        }\n    ]\n}"
				}
			]
		}
	],
	"protocolProfileBehavior": {}
}